timestamp,open,high,low,close,volume
2024-05-03 00:00:00,0.00002278,0.00002301,0.00002266,0.00002283,266318183546.00
2024-05-03 01:00:00,0.00002283,0.00002347,0.00002279,0.00002323,305991015934.00
2024-05-03 02:00:00,0.00002322,0.00002347,0.00002311,0.00002321,274953860379.00
2024-05-03 03:00:00,0.00002321,0.00002342,0.00002317,0.00002332,148280279923.00
2024-05-03 04:00:00,0.00002332,0.00002340,0.00002308,0.00002320,114647646482.00
2024-05-03 05:00:00,0.00002320,0.00002331,0.00002303,0.00002304,122258461889.00
2024-05-03 06:00:00,0.00002304,0.00002316,0.00002287,0.00002289,201309972864.00
2024-05-03 07:00:00,0.00002289,0.00002305,0.00002274,0.00002281,227755586096.00
2024-05-03 08:00:00,0.00002281,0.00002300,0.00002277,0.00002286,132325935009.00
2024-05-03 09:00:00,0.00002286,0.00002310,0.00002285,0.00002299,110529824880.00
2024-05-03 10:00:00,0.00002299,0.00002300,0.00002261,0.00002275,191908064973.00
2024-05-03 11:00:00,0.00002275,0.00002289,0.00002263,0.00002283,163842871101.00
2024-05-03 12:00:00,0.00002282,0.00002375,0.00002276,0.00002361,825595351556.00
2024-05-03 13:00:00,0.00002361,0.00002400,0.00002349,0.00002398,676755765956.00
2024-05-03 14:00:00,0.00002398,0.00002455,0.00002365,0.00002387,936689192162.00
2024-05-03 15:00:00,0.00002388,0.00002400,0.00002368,0.00002387,289761748602.00
2024-05-03 16:00:00,0.00002387,0.00002433,0.00002387,0.00002404,445315461495.00
2024-05-03 17:00:00,0.00002404,0.00002408,0.00002378,0.00002396,377415282715.00
2024-05-03 18:00:00,0.00002395,0.00002410,0.00002391,0.00002391,141049896711.00
2024-05-03 19:00:00,0.00002391,0.00002417,0.00002382,0.00002417,140985621216.00
2024-05-03 20:00:00,0.00002416,0.00002457,0.00002411,0.00002438,329702841528.00
2024-05-03 21:00:00,0.00002438,0.00002451,0.00002423,0.00002433,170986900172.00
2024-05-03 22:00:00,0.00002434,0.00002446,0.00002429,0.00002436,137511967339.00
2024-05-03 23:00:00,0.00002437,0.00002475,0.00002436,0.00002444,164134262991.00
2024-05-04 00:00:00,0.00002443,0.00002498,0.00002443,0.00002490,390819023800.00
2024-05-04 01:00:00,0.00002490,0.00002494,0.00002458,0.00002458,375110974306.00
2024-05-04 02:00:00,0.00002458,0.00002471,0.00002428,0.00002447,431526019720.00
2024-05-04 03:00:00,0.00002446,0.00002484,0.00002442,0.00002469,248702709660.00
2024-05-04 04:00:00,0.00002468,0.00002500,0.00002467,0.00002491,220302244035.00
2024-05-04 05:00:00,0.00002492,0.00002503,0.00002477,0.00002501,133604297415.00
2024-05-04 06:00:00,0.00002500,0.00002501,0.00002467,0.00002474,163887469655.00
2024-05-04 07:00:00,0.00002474,0.00002486,0.00002465,0.00002468,144308589992.00
2024-05-04 08:00:00,0.00002468,0.00002485,0.00002467,0.00002479,125975356775.00
2024-05-04 09:00:00,0.00002479,0.00002491,0.00002466,0.00002479,91024713460.00
2024-05-04 10:00:00,0.00002478,0.00002538,0.00002474,0.00002535,296677791482.00
2024-05-04 11:00:00,0.00002535,0.00002582,0.00002522,0.00002550,632573991057.00
2024-05-04 12:00:00,0.00002550,0.00002578,0.00002525,0.00002575,372304722605.00
2024-05-04 13:00:00,0.00002576,0.00002632,0.00002527,0.00002561,897113298785.00
2024-05-04 14:00:00,0.00002561,0.00002577,0.00002541,0.00002573,263562142101.00
2024-05-04 15:00:00,0.00002573,0.00002576,0.00002537,0.00002552,213838633336.00
2024-05-04 16:00:00,0.00002553,0.00002555,0.00002522,0.00002538,289362461024.00
2024-05-04 17:00:00,0.00002537,0.00002540,0.00002490,0.00002506,263704441207.00
2024-05-04 18:00:00,0.00002507,0.00002536,0.00002497,0.00002535,168576557257.00
2024-05-04 19:00:00,0.00002535,0.00002540,0.00002523,0.00002538,95266572861.00
2024-05-04 20:00:00,0.00002539,0.00002555,0.00002533,0.00002539,141923213264.00
2024-05-04 21:00:00,0.00002539,0.00002552,0.00002508,0.00002528,130793775734.00
2024-05-04 22:00:00,0.00002527,0.00002532,0.00002500,0.00002503,133840477725.00
2024-05-04 23:00:00,0.00002502,0.00002518,0.00002502,0.00002505,94285915925.00
2024-05-05 00:00:00,0.00002504,0.00002523,0.00002472,0.00002489,350200123650.00
2024-05-05 01:00:00,0.00002490,0.00002494,0.00002431,0.00002458,433746503918.00
2024-05-05 02:00:00,0.00002458,0.00002475,0.00002442,0.00002444,184599254846.00
2024-05-05 03:00:00,0.00002444,0.00002455,0.00002433,0.00002450,176918199053.00
2024-05-05 04:00:00,0.00002450,0.00002464,0.00002447,0.00002451,86977026239.00
2024-05-05 05:00:00,0.00002450,0.00002468,0.00002439,0.00002444,142130709710.00
2024-05-05 06:00:00,0.00002443,0.00002463,0.00002438,0.00002451,159993161729.00
2024-05-05 07:00:00,0.00002450,0.00002493,0.00002449,0.00002481,178484747355.00
2024-05-05 08:00:00,0.00002482,0.00002493,0.00002470,0.00002479,130848366052.00
2024-05-05 09:00:00,0.00002480,0.00002480,0.00002464,0.00002470,90667508362.00
2024-05-05 10:00:00,0.00002470,0.00002480,0.00002453,0.00002460,103779562453.00
2024-05-05 11:00:00,0.00002460,0.00002482,0.00002453,0.00002476,87985591302.00
2024-05-05 12:00:00,0.00002476,0.00002477,0.00002454,0.00002457,95284829724.00
2024-05-05 13:00:00,0.00002456,0.00002496,0.00002448,0.00002479,180111871513.00
2024-05-05 14:00:00,0.00002478,0.00002489,0.00002464,0.00002487,81969384994.00
2024-05-05 15:00:00,0.00002486,0.00002502,0.00002474,0.00002498,189712918091.00
2024-05-05 16:00:00,0.00002498,0.00002503,0.00002484,0.00002486,158127175269.00
2024-05-05 17:00:00,0.00002486,0.00002500,0.00002476,0.00002478,90156667426.00
2024-05-05 18:00:00,0.00002478,0.00002480,0.00002455,0.00002470,162412837884.00
2024-05-05 19:00:00,0.00002469,0.00002483,0.00002464,0.00002472,121704782139.00
2024-05-05 20:00:00,0.00002473,0.00002477,0.00002460,0.00002463,48830217002.00
2024-05-05 21:00:00,0.00002463,0.00002467,0.00002451,0.00002466,54344625007.00
2024-05-05 22:00:00,0.00002467,0.00002468,0.00002450,0.00002457,55226927107.00
2024-05-05 23:00:00,0.00002456,0.00002480,0.00002456,0.00002471,103634431671.00
2024-05-06 00:00:00,0.00002470,0.00002500,0.00002450,0.00002486,246419032327.00
2024-05-06 01:00:00,0.00002486,0.00002508,0.00002481,0.00002493,203158410226.00
2024-05-06 02:00:00,0.00002492,0.00002514,0.00002474,0.00002475,124124039994.00
2024-05-06 03:00:00,0.00002475,0.00002483,0.00002447,0.00002469,136390926376.00
2024-05-06 04:00:00,0.00002468,0.00002480,0.00002459,0.00002478,77941480054.00
2024-05-06 05:00:00,0.00002478,0.00002489,0.00002466,0.00002484,72083573128.00
2024-05-06 06:00:00,0.00002484,0.00002499,0.00002479,0.00002484,126147262093.00
2024-05-06 07:00:00,0.00002484,0.00002499,0.00002478,0.00002499,90426022525.00
2024-05-06 08:00:00,0.00002498,0.00002575,0.00002497,0.00002548,604288435977.00
2024-05-06 09:00:00,0.00002548,0.00002569,0.00002539,0.00002552,232949848806.00
2024-05-06 10:00:00,0.00002552,0.00002565,0.00002460,0.00002479,487189484629.00
2024-05-06 11:00:00,0.00002478,0.00002499,0.00002474,0.00002485,209613172825.00
2024-05-06 12:00:00,0.00002485,0.00002493,0.00002384,0.00002419,612977615518.00
2024-05-06 13:00:00,0.00002419,0.00002456,0.00002406,0.00002449,427474411765.00
2024-05-06 14:00:00,0.00002448,0.00002471,0.00002416,0.00002419,325514763161.00
2024-05-06 15:00:00,0.00002419,0.00002445,0.00002401,0.00002433,364123752856.00
2024-05-06 16:00:00,0.00002433,0.00002442,0.00002408,0.00002410,226914238493.00
2024-05-06 17:00:00,0.00002411,0.00002434,0.00002391,0.00002407,284982832677.00
2024-05-06 18:00:00,0.00002408,0.00002424,0.00002392,0.00002415,188290250155.00
2024-05-06 19:00:00,0.00002415,0.00002416,0.00002381,0.00002395,293613984859.00
2024-05-06 20:00:00,0.00002396,0.00002418,0.00002394,0.00002411,135377700682.00
2024-05-06 21:00:00,0.00002410,0.00002421,0.00002409,0.00002417,70350947152.00
2024-05-06 22:00:00,0.00002417,0.00002417,0.00002399,0.00002403,86444655870.00
2024-05-06 23:00:00,0.00002403,0.00002404,0.00002382,0.00002388,143238885951.00
2024-05-07 00:00:00,0.00002387,0.00002407,0.00002370,0.00002393,182883428035.00
2024-05-07 01:00:00,0.00002393,0.00002424,0.00002389,0.00002421,162296936208.00
2024-05-07 02:00:00,0.00002421,0.00002423,0.00002400,0.00002406,77002591234.00
2024-05-07 03:00:00,0.00002405,0.00002408,0.00002337,0.00002360,433566031008.00
2024-05-07 04:00:00,0.00002359,0.00002378,0.00002353,0.00002376,156484217679.00
2024-05-07 05:00:00,0.00002376,0.00002377,0.00002353,0.00002370,118589113774.00
2024-05-07 06:00:00,0.00002370,0.00002375,0.00002351,0.00002364,146640405061.00
2024-05-07 07:00:00,0.00002363,0.00002382,0.00002359,0.00002374,102951205189.00
2024-05-07 08:00:00,0.00002373,0.00002411,0.00002369,0.00002401,253121850696.00
2024-05-07 09:00:00,0.00002400,0.00002415,0.00002395,0.00002399,165230206209.00
2024-05-07 10:00:00,0.00002398,0.00002402,0.00002380,0.00002395,164459727875.00
2024-05-07 11:00:00,0.00002394,0.00002399,0.00002357,0.00002363,213582726824.00
2024-05-07 12:00:00,0.00002363,0.00002383,0.00002362,0.00002377,142809916942.00
2024-05-07 13:00:00,0.00002377,0.00002384,0.00002358,0.00002366,244341333053.00
2024-05-07 14:00:00,0.00002365,0.00002402,0.00002355,0.00002401,216880097275.00
2024-05-07 15:00:00,0.00002401,0.00002416,0.00002374,0.00002378,263693085211.00
2024-05-07 16:00:00,0.00002378,0.00002390,0.00002371,0.00002381,115553933441.00
2024-05-07 17:00:00,0.00002381,0.00002381,0.00002367,0.00002371,98770814383.00
2024-05-07 18:00:00,0.00002370,0.00002371,0.00002330,0.00002351,295360224163.00
2024-05-07 19:00:00,0.00002350,0.00002356,0.00002338,0.00002342,101586266544.00
2024-05-07 20:00:00,0.00002343,0.00002356,0.00002333,0.00002340,105047736772.00
2024-05-07 21:00:00,0.00002339,0.00002351,0.00002316,0.00002334,110365239069.00
2024-05-07 22:00:00,0.00002333,0.00002333,0.00002306,0.00002314,152544918908.00
2024-05-07 23:00:00,0.00002314,0.00002317,0.00002291,0.00002298,221025894436.00
2024-05-08 00:00:00,0.00002298,0.00002317,0.00002276,0.00002309,225300677292.00
2024-05-08 01:00:00,0.00002309,0.00002318,0.00002298,0.00002302,143121777834.00
2024-05-08 02:00:00,0.00002301,0.00002319,0.00002300,0.00002314,73695312879.00
2024-05-08 03:00:00,0.00002313,0.00002323,0.00002301,0.00002316,73619795201.00
2024-05-08 04:00:00,0.00002316,0.00002326,0.00002287,0.00002300,138872391545.00
2024-05-08 05:00:00,0.00002300,0.00002309,0.00002288,0.00002298,89227269827.00
2024-05-08 06:00:00,0.00002298,0.00002309,0.00002276,0.00002296,183325697082.00
2024-05-08 07:00:00,0.00002295,0.00002304,0.00002260,0.00002271,315799343797.00
2024-05-08 08:00:00,0.00002271,0.00002285,0.00002263,0.00002280,190072395703.00
2024-05-08 09:00:00,0.00002280,0.00002283,0.00002250,0.00002273,188365511359.00
2024-05-08 10:00:00,0.00002273,0.00002285,0.00002267,0.00002284,191696178953.00
2024-05-08 11:00:00,0.00002283,0.00002286,0.00002259,0.00002264,126446371386.00
2024-05-08 12:00:00,0.00002265,0.00002280,0.00002251,0.00002263,191107422685.00
2024-05-08 13:00:00,0.00002264,0.00002294,0.00002254,0.00002291,296095166102.00
2024-05-08 14:00:00,0.00002291,0.00002318,0.00002281,0.00002300,291078907457.00
2024-05-08 15:00:00,0.00002299,0.00002304,0.00002267,0.00002286,282317331325.00
2024-05-08 16:00:00,0.00002287,0.00002292,0.00002264,0.00002292,159719953816.00
2024-05-08 17:00:00,0.00002291,0.00002309,0.00002290,0.00002300,224090677245.00
2024-05-08 18:00:00,0.00002300,0.00002321,0.00002296,0.00002300,126746019399.00
2024-05-08 19:00:00,0.00002301,0.00002305,0.00002269,0.00002282,134145600150.00
2024-05-08 20:00:00,0.00002282,0.00002291,0.00002233,0.00002249,406041076189.00
2024-05-08 21:00:00,0.00002249,0.00002265,0.00002236,0.00002250,148016750804.00
2024-05-08 22:00:00,0.00002250,0.00002258,0.00002234,0.00002249,169843796489.00
2024-05-08 23:00:00,0.00002249,0.00002259,0.00002240,0.00002254,113983149945.00
2024-05-09 00:00:00,0.00002254,0.00002271,0.00002250,0.00002267,96386169027.00
2024-05-09 01:00:00,0.00002266,0.00002278,0.00002265,0.00002277,69881629562.00
2024-05-09 02:00:00,0.00002276,0.00002290,0.00002272,0.00002285,61280282446.00
2024-05-09 03:00:00,0.00002286,0.00002294,0.00002273,0.00002289,92197284045.00
2024-05-09 04:00:00,0.00002289,0.00002306,0.00002283,0.00002285,115737304166.00
2024-05-09 05:00:00,0.00002285,0.00002303,0.00002284,0.00002295,79175354582.00
2024-05-09 06:00:00,0.00002296,0.00002311,0.00002291,0.00002296,114270310333.00
2024-05-09 07:00:00,0.00002295,0.00002299,0.00002260,0.00002272,139551347989.00
2024-05-09 08:00:00,0.00002271,0.00002281,0.00002262,0.00002274,104464821783.00
2024-05-09 09:00:00,0.00002275,0.00002278,0.00002245,0.00002270,190468625443.00
2024-05-09 10:00:00,0.00002270,0.00002272,0.00002235,0.00002236,206479635146.00
2024-05-09 11:00:00,0.00002236,0.00002263,0.00002230,0.00002252,199486317000.00
2024-05-09 12:00:00,0.00002252,0.00002283,0.00002252,0.00002274,201876303618.00
2024-05-09 13:00:00,0.00002274,0.00002275,0.00002238,0.00002256,180584713678.00
2024-05-09 14:00:00,0.00002256,0.00002273,0.00002250,0.00002269,143341339349.00
2024-05-09 15:00:00,0.00002269,0.00002310,0.00002264,0.00002296,268815277026.00
2024-05-09 16:00:00,0.00002295,0.00002360,0.00002293,0.00002297,665292139601.00
2024-05-09 17:00:00,0.00002298,0.00002316,0.00002289,0.00002308,157146853360.00
2024-05-09 18:00:00,0.00002308,0.00002325,0.00002306,0.00002323,125997560138.00
2024-05-09 19:00:00,0.00002323,0.00002334,0.00002317,0.00002330,145658060397.00
2024-05-09 20:00:00,0.00002330,0.00002338,0.00002325,0.00002334,95828443875.00
2024-05-09 21:00:00,0.00002334,0.00002347,0.00002329,0.00002334,91585477119.00
2024-05-09 22:00:00,0.00002334,0.00002379,0.00002330,0.00002366,155522044320.00
2024-05-09 23:00:00,0.00002365,0.00002368,0.00002339,0.00002348,145983006386.00
2024-05-10 00:00:00,0.00002347,0.00002349,0.00002326,0.00002328,121106679690.00
2024-05-10 01:00:00,0.00002328,0.00002352,0.00002315,0.00002345,203158197102.00
2024-05-10 02:00:00,0.00002345,0.00002354,0.00002334,0.00002344,93110612020.00
2024-05-10 03:00:00,0.00002344,0.00002345,0.00002330,0.00002338,77000893073.00
2024-05-10 04:00:00,0.00002338,0.00002352,0.00002337,0.00002346,72067277883.00
2024-05-10 05:00:00,0.00002345,0.00002349,0.00002329,0.00002335,82881110452.00
2024-05-10 06:00:00,0.00002334,0.00002359,0.00002331,0.00002354,85859021955.00
2024-05-10 07:00:00,0.00002354,0.00002362,0.00002346,0.00002352,178573388830.00
2024-05-10 08:00:00,0.00002353,0.00002353,0.00002340,0.00002346,101403600004.00
2024-05-10 09:00:00,0.00002345,0.00002346,0.00002332,0.00002341,114055762879.00
2024-05-10 10:00:00,0.00002341,0.00002347,0.00002332,0.00002343,54403067106.00
2024-05-10 11:00:00,0.00002342,0.00002354,0.00002330,0.00002351,125251413546.00
2024-05-10 12:00:00,0.00002351,0.00002359,0.00002334,0.00002338,127742596533.00
2024-05-10 13:00:00,0.00002339,0.00002343,0.00002320,0.00002327,143054055381.00
2024-05-10 14:00:00,0.00002326,0.00002330,0.00002216,0.00002243,1049113854711.00
2024-05-10 15:00:00,0.00002243,0.00002263,0.00002228,0.00002245,475922403895.00
2024-05-10 16:00:00,0.00002245,0.00002255,0.00002213,0.00002247,372361456548.00
2024-05-10 17:00:00,0.00002247,0.00002250,0.00002222,0.00002235,247521425011.00
2024-05-10 18:00:00,0.00002235,0.00002251,0.00002228,0.00002249,143684847269.00
2024-05-10 19:00:00,0.00002248,0.00002255,0.00002233,0.00002237,107536968647.00
2024-05-10 20:00:00,0.00002236,0.00002250,0.00002223,0.00002241,125091286277.00
2024-05-10 21:00:00,0.00002240,0.00002248,0.00002236,0.00002241,87466007467.00
2024-05-10 22:00:00,0.00002241,0.00002245,0.00002224,0.00002235,130592719951.00
2024-05-10 23:00:00,0.00002236,0.00002249,0.00002235,0.00002242,59196943144.00
2024-05-11 00:00:00,0.00002242,0.00002256,0.00002240,0.00002247,107536484899.00
2024-05-11 01:00:00,0.00002248,0.00002283,0.00002246,0.00002260,188811176328.00
2024-05-11 02:00:00,0.00002261,0.00002270,0.00002253,0.00002264,90821459495.00
2024-05-11 03:00:00,0.00002263,0.00002267,0.00002250,0.00002252,84778713965.00
2024-05-11 04:00:00,0.00002251,0.00002257,0.00002247,0.00002251,63891741068.00
2024-05-11 05:00:00,0.00002251,0.00002265,0.00002251,0.00002256,57454503124.00
2024-05-11 06:00:00,0.00002256,0.00002265,0.00002252,0.00002254,53846865702.00
2024-05-11 07:00:00,0.00002254,0.00002265,0.00002253,0.00002263,50279379861.00
2024-05-11 08:00:00,0.00002262,0.00002265,0.00002249,0.00002250,59860382440.00
2024-05-11 09:00:00,0.00002250,0.00002263,0.00002250,0.00002260,61609889746.00
2024-05-11 10:00:00,0.00002259,0.00002261,0.00002245,0.00002250,61137626234.00
2024-05-11 11:00:00,0.00002250,0.00002254,0.00002234,0.00002249,84333818110.00
2024-05-11 12:00:00,0.00002248,0.00002263,0.00002248,0.00002256,83399824789.00
2024-05-11 13:00:00,0.00002256,0.00002270,0.00002253,0.00002269,100533303802.00
2024-05-11 14:00:00,0.00002268,0.00002272,0.00002255,0.00002262,67333865185.00
2024-05-11 15:00:00,0.00002261,0.00002293,0.00002257,0.00002270,179957976513.00
2024-05-11 16:00:00,0.00002271,0.00002281,0.00002266,0.00002271,91052272923.00
2024-05-11 17:00:00,0.00002272,0.00002275,0.00002264,0.00002270,53369026997.00
2024-05-11 18:00:00,0.00002269,0.00002279,0.00002264,0.00002275,54412514334.00
2024-05-11 19:00:00,0.00002275,0.00002275,0.00002265,0.00002270,41528931693.00
2024-05-11 20:00:00,0.00002270,0.00002271,0.00002248,0.00002261,72372700311.00
2024-05-11 21:00:00,0.00002261,0.00002261,0.00002246,0.00002251,68720255311.00
2024-05-11 22:00:00,0.00002252,0.00002262,0.00002249,0.00002253,48445437223.00
2024-05-11 23:00:00,0.00002253,0.00002257,0.00002245,0.00002251,26558696051.00
2024-05-12 00:00:00,0.00002250,0.00002267,0.00002248,0.00002259,62407617435.00
2024-05-12 01:00:00,0.00002259,0.00002264,0.00002255,0.00002258,37079982168.00
2024-05-12 02:00:00,0.00002257,0.00002266,0.00002255,0.00002261,35570376437.00
2024-05-12 03:00:00,0.00002261,0.00002262,0.00002253,0.00002256,27686202577.00
2024-05-12 04:00:00,0.00002256,0.00002266,0.00002254,0.00002264,39643505347.00
2024-05-12 05:00:00,0.00002264,0.00002264,0.00002259,0.00002263,17849495840.00
2024-05-12 06:00:00,0.00002263,0.00002264,0.00002253,0.00002256,32457017965.00
2024-05-12 07:00:00,0.00002256,0.00002260,0.00002226,0.00002239,107770120635.00
2024-05-12 08:00:00,0.00002239,0.00002254,0.00002230,0.00002247,80969629026.00
2024-05-12 09:00:00,0.00002247,0.00002249,0.00002242,0.00002245,34722204806.00
2024-05-12 10:00:00,0.00002245,0.00002271,0.00002244,0.00002256,112973848136.00
2024-05-12 11:00:00,0.00002255,0.00002261,0.00002250,0.00002252,29263512745.00
2024-05-12 12:00:00,0.00002253,0.00002259,0.00002249,0.00002254,36234615012.00
2024-05-12 13:00:00,0.00002253,0.00002261,0.00002250,0.00002257,33300146254.00
2024-05-12 14:00:00,0.00002257,0.00002264,0.00002251,0.00002253,58833286932.00
2024-05-12 15:00:00,0.00002253,0.00002266,0.00002249,0.00002261,74639655450.00
2024-05-12 16:00:00,0.00002261,0.00002275,0.00002252,0.00002252,99952788342.00
2024-05-12 17:00:00,0.00002251,0.00002260,0.00002245,0.00002254,60187043823.00
2024-05-12 18:00:00,0.00002253,0.00002256,0.00002242,0.00002242,45607734899.00
2024-05-12 19:00:00,0.00002242,0.00002244,0.00002236,0.00002243,44801654313.00
2024-05-12 20:00:00,0.00002243,0.00002245,0.00002234,0.00002236,44527295975.00
2024-05-12 21:00:00,0.00002236,0.00002237,0.00002209,0.00002230,96363577571.00
2024-05-12 22:00:00,0.00002230,0.00002234,0.00002225,0.00002231,50310772144.00
2024-05-12 23:00:00,0.00002231,0.00002237,0.00002228,0.00002231,27995864765.00
2024-05-13 00:00:00,0.00002231,0.00002255,0.00002231,0.00002242,79903187281.00
2024-05-13 01:00:00,0.00002242,0.00002245,0.00002200,0.00002216,183635300760.00
2024-05-13 02:00:00,0.00002216,0.00002221,0.00002163,0.00002177,356793716894.00
2024-05-13 03:00:00,0.00002176,0.00002185,0.00002156,0.00002184,234540233391.00
2024-05-13 04:00:00,0.00002184,0.00002184,0.00002160,0.00002168,101569775715.00
2024-05-13 05:00:00,0.00002169,0.00002181,0.00002165,0.00002167,95452974041.00
2024-05-13 06:00:00,0.00002166,0.00002209,0.00002165,0.00002202,137781449018.00
2024-05-13 07:00:00,0.00002202,0.00002262,0.00002197,0.00002253,191235815559.00
2024-05-13 08:00:00,0.00002253,0.00002399,0.00002253,0.00002356,1613857281077.00
2024-05-13 09:00:00,0.00002356,0.00002383,0.00002344,0.00002366,434362534581.00
2024-05-13 10:00:00,0.00002365,0.00002374,0.00002317,0.00002338,429479310737.00
2024-05-13 11:00:00,0.00002338,0.00002349,0.00002318,0.00002341,197945639509.00
2024-05-13 12:00:00,0.00002341,0.00002394,0.00002326,0.00002378,604600564794.00
2024-05-13 13:00:00,0.00002378,0.00002406,0.00002362,0.00002395,698759953161.00
2024-05-13 14:00:00,0.00002396,0.00002437,0.00002372,0.00002375,989509846253.00
2024-05-13 15:00:00,0.00002375,0.00002413,0.00002373,0.00002394,432470469161.00
2024-05-13 16:00:00,0.00002394,0.00002466,0.00002392,0.00002439,1121797904042.00
2024-05-13 17:00:00,0.00002438,0.00002446,0.00002363,0.00002375,738499814967.00
2024-05-13 18:00:00,0.00002375,0.00002381,0.00002338,0.00002352,455459316387.00
2024-05-13 19:00:00,0.00002352,0.00002374,0.00002352,0.00002362,216469605969.00
2024-05-13 20:00:00,0.00002362,0.00002365,0.00002345,0.00002353,120547967985.00
2024-05-13 21:00:00,0.00002353,0.00002355,0.00002332,0.00002334,102742787854.00
2024-05-13 22:00:00,0.00002333,0.00002336,0.00002313,0.00002322,202422047229.00
2024-05-13 23:00:00,0.00002322,0.00002340,0.00002321,0.00002336,107868810683.00
2024-05-14 00:00:00,0.00002336,0.00002352,0.00002317,0.00002326,310330938126.00
2024-05-14 01:00:00,0.00002325,0.00002347,0.00002320,0.00002328,244247613793.00
2024-05-14 02:00:00,0.00002327,0.00002332,0.00002300,0.00002321,295529099591.00
2024-05-14 03:00:00,0.00002321,0.00002345,0.00002312,0.00002330,393612372035.00
2024-05-14 04:00:00,0.00002330,0.00002356,0.00002327,0.00002349,230165006477.00
2024-05-14 05:00:00,0.00002349,0.00002396,0.00002342,0.00002375,326180403928.00
2024-05-14 06:00:00,0.00002374,0.00002374,0.00002310,0.00002356,633020965822.00
2024-05-14 07:00:00,0.00002355,0.00002392,0.00002353,0.00002389,415414869444.00
2024-05-14 08:00:00,0.00002388,0.00002410,0.00002366,0.00002376,606818555694.00
2024-05-14 09:00:00,0.00002376,0.00002400,0.00002359,0.00002362,279947073994.00
2024-05-14 10:00:00,0.00002361,0.00002365,0.00002341,0.00002354,323526728970.00
2024-05-14 11:00:00,0.00002354,0.00002372,0.00002349,0.00002366,194228756469.00
2024-05-14 12:00:00,0.00002366,0.00002445,0.00002362,0.00002377,1450669751843.00
2024-05-14 13:00:00,0.00002377,0.00002405,0.00002334,0.00002339,785728268675.00
2024-05-14 14:00:00,0.00002340,0.00002399,0.00002300,0.00002345,1138624173495.00
2024-05-14 15:00:00,0.00002346,0.00002354,0.00002314,0.00002327,472598749498.00
2024-05-14 16:00:00,0.00002328,0.00002347,0.00002304,0.00002335,471469951735.00
2024-05-14 17:00:00,0.00002335,0.00002357,0.00002323,0.00002330,297889120465.00
2024-05-14 18:00:00,0.00002330,0.00002349,0.00002320,0.00002328,129101751933.00
2024-05-14 19:00:00,0.00002327,0.00002344,0.00002325,0.00002333,90254526492.00
2024-05-14 20:00:00,0.00002332,0.00002353,0.00002300,0.00002312,285756656399.00
2024-05-14 21:00:00,0.00002311,0.00002324,0.00002292,0.00002321,130652516025.00
2024-05-14 22:00:00,0.00002321,0.00002324,0.00002296,0.00002303,132693274692.00
2024-05-14 23:00:00,0.00002303,0.00002305,0.00002287,0.00002298,135686432766.00
2024-05-15 00:00:00,0.00002298,0.00002316,0.00002287,0.00002292,136700398719.00
2024-05-15 01:00:00,0.00002293,0.00002315,0.00002293,0.00002305,50799028469.00
2024-05-15 02:00:00,0.00002306,0.00002315,0.00002300,0.00002301,82462142947.00
2024-05-15 03:00:00,0.00002302,0.00002314,0.00002301,0.00002308,81136027777.00
2024-05-15 04:00:00,0.00002308,0.00002313,0.00002299,0.00002302,97607737865.00
2024-05-15 05:00:00,0.00002303,0.00002312,0.00002300,0.00002306,71041012800.00
2024-05-15 06:00:00,0.00002306,0.00002337,0.00002304,0.00002322,151903321871.00
2024-05-15 07:00:00,0.00002323,0.00002421,0.00002321,0.00002420,549809828528.00
2024-05-15 08:00:00,0.00002419,0.00002431,0.00002372,0.00002395,529813425729.00
2024-05-15 09:00:00,0.00002396,0.00002419,0.00002356,0.00002392,439815898009.00
2024-05-15 10:00:00,0.00002393,0.00002408,0.00002373,0.00002388,304948581571.00
2024-05-15 11:00:00,0.00002388,0.00002398,0.00002362,0.00002366,223654044798.00
2024-05-15 12:00:00,0.00002366,0.00002440,0.00002345,0.00002398,929276657483.00
2024-05-15 13:00:00,0.00002399,0.00002433,0.00002392,0.00002401,594701005219.00
2024-05-15 14:00:00,0.00002401,0.00002415,0.00002398,0.00002414,297906011964.00
2024-05-15 15:00:00,0.00002414,0.00002420,0.00002380,0.00002385,411352029273.00
2024-05-15 16:00:00,0.00002385,0.00002391,0.00002363,0.00002364,401610343128.00
2024-05-15 17:00:00,0.00002364,0.00002388,0.00002364,0.00002381,135283254490.00
2024-05-15 18:00:00,0.00002381,0.00002414,0.00002379,0.00002408,225908918225.00
2024-05-15 19:00:00,0.00002408,0.00002430,0.00002394,0.00002428,247178681649.00
2024-05-15 20:00:00,0.00002429,0.00002510,0.00002412,0.00002508,933073747735.00
2024-05-15 21:00:00,0.00002508,0.00002555,0.00002481,0.00002545,623989789573.00
2024-05-15 22:00:00,0.00002546,0.00002554,0.00002495,0.00002506,450899059651.00
2024-05-15 23:00:00,0.00002506,0.00002539,0.00002505,0.00002525,267224115438.00
2024-05-16 00:00:00,0.00002525,0.00002581,0.00002501,0.00002513,634150235617.00
2024-05-16 01:00:00,0.00002512,0.00002519,0.00002487,0.00002494,280232507994.00
2024-05-16 02:00:00,0.00002494,0.00002518,0.00002494,0.00002503,192673259533.00
2024-05-16 03:00:00,0.00002502,0.00002534,0.00002495,0.00002517,170370392242.00
2024-05-16 04:00:00,0.00002516,0.00002520,0.00002493,0.00002504,183113337953.00
2024-05-16 05:00:00,0.00002504,0.00002520,0.00002497,0.00002501,165559300879.00
2024-05-16 06:00:00,0.00002500,0.00002550,0.00002497,0.00002532,424156714870.00
2024-05-16 07:00:00,0.00002532,0.00002588,0.00002526,0.00002561,369395872127.00
2024-05-16 08:00:00,0.00002561,0.00002576,0.00002543,0.00002550,212875639613.00
2024-05-16 09:00:00,0.00002549,0.00002562,0.00002525,0.00002544,195828687365.00
2024-05-16 10:00:00,0.00002545,0.00002545,0.00002517,0.00002521,164835692737.00
2024-05-16 11:00:00,0.00002520,0.00002532,0.00002506,0.00002528,163838590854.00
2024-05-16 12:00:00,0.00002529,0.00002535,0.00002471,0.00002486,619236063444.00
2024-05-16 13:00:00,0.00002486,0.00002491,0.00002454,0.00002485,391075881212.00
2024-05-16 14:00:00,0.00002484,0.00002485,0.00002417,0.00002424,457434983610.00
2024-05-16 15:00:00,0.00002425,0.00002468,0.00002424,0.00002460,293362920812.00
2024-05-16 16:00:00,0.00002460,0.00002463,0.00002432,0.00002451,212397137542.00
2024-05-16 17:00:00,0.00002450,0.00002460,0.00002423,0.00002453,195640228100.00
2024-05-16 18:00:00,0.00002454,0.00002462,0.00002437,0.00002440,138608570266.00
2024-05-16 19:00:00,0.00002439,0.00002460,0.00002438,0.00002442,95508736508.00
2024-05-16 20:00:00,0.00002442,0.00002455,0.00002429,0.00002454,126385688007.00
2024-05-16 21:00:00,0.00002454,0.00002476,0.00002446,0.00002473,57015306967.00
2024-05-16 22:00:00,0.00002474,0.00002475,0.00002425,0.00002444,253403754022.00
2024-05-16 23:00:00,0.00002445,0.00002459,0.00002432,0.00002457,112984968151.00
2024-05-17 00:00:00,0.00002456,0.00002459,0.00002444,0.00002454,92718125939.00
2024-05-17 01:00:00,0.00002453,0.00002453,0.00002419,0.00002439,143939253605.00
2024-05-17 02:00:00,0.00002439,0.00002443,0.00002426,0.00002436,161847623759.00
2024-05-17 03:00:00,0.00002436,0.00002460,0.00002432,0.00002445,179110496133.00
2024-05-17 04:00:00,0.00002445,0.00002451,0.00002426,0.00002431,113430886462.00
2024-05-17 05:00:00,0.00002432,0.00002439,0.00002428,0.00002438,84334495905.00
2024-05-17 06:00:00,0.00002438,0.00002464,0.00002428,0.00002457,121217472167.00
2024-05-17 07:00:00,0.00002456,0.00002510,0.00002456,0.00002490,383329752564.00
2024-05-17 08:00:00,0.00002489,0.00002497,0.00002465,0.00002473,191356105948.00
2024-05-17 09:00:00,0.00002472,0.00002489,0.00002461,0.00002485,134016863474.00
2024-05-17 10:00:00,0.00002486,0.00002493,0.00002470,0.00002493,129952077956.00
2024-05-17 11:00:00,0.00002492,0.00002494,0.00002474,0.00002476,84590130821.00
2024-05-17 12:00:00,0.00002477,0.00002509,0.00002457,0.00002491,226614784734.00
2024-05-17 13:00:00,0.00002491,0.00002502,0.00002466,0.00002477,182998126807.00
2024-05-17 14:00:00,0.00002476,0.00002505,0.00002476,0.00002502,187288370586.00
2024-05-17 15:00:00,0.00002503,0.00002528,0.00002490,0.00002507,285000813261.00
2024-05-17 16:00:00,0.00002507,0.00002531,0.00002491,0.00002495,241026003293.00
2024-05-17 17:00:00,0.00002495,0.00002509,0.00002484,0.00002488,152162641131.00
2024-05-17 18:00:00,0.00002488,0.00002494,0.00002470,0.00002490,136419834064.00
2024-05-17 19:00:00,0.00002491,0.00002495,0.00002481,0.00002494,60686675917.00
2024-05-17 20:00:00,0.00002494,0.00002499,0.00002487,0.00002495,63739441581.00
2024-05-17 21:00:00,0.00002495,0.00002513,0.00002495,0.00002507,64626073508.00
2024-05-17 22:00:00,0.00002507,0.00002515,0.00002500,0.00002509,88382940110.00
2024-05-17 23:00:00,0.00002508,0.00002514,0.00002498,0.00002502,62749507091.00
2024-05-18 00:00:00,0.00002501,0.00002503,0.00002479,0.00002490,125052014364.00
2024-05-18 01:00:00,0.00002490,0.00002494,0.00002481,0.00002492,65518620639.00
2024-05-18 02:00:00,0.00002492,0.00002509,0.00002486,0.00002495,67900152001.00
2024-05-18 03:00:00,0.00002495,0.00002501,0.00002487,0.00002497,83298139524.00
2024-05-18 04:00:00,0.00002498,0.00002506,0.00002487,0.00002489,64105815357.00
2024-05-18 05:00:00,0.00002489,0.00002495,0.00002478,0.00002483,77879714578.00
2024-05-18 06:00:00,0.00002482,0.00002491,0.00002473,0.00002489,66614916016.00
2024-05-18 07:00:00,0.00002488,0.00002502,0.00002482,0.00002486,67997220382.00
2024-05-18 08:00:00,0.00002486,0.00002503,0.00002484,0.00002494,51620056588.00
2024-05-18 09:00:00,0.00002494,0.00002513,0.00002488,0.00002512,105062803319.00
2024-05-18 10:00:00,0.00002512,0.00002515,0.00002498,0.00002514,107345236269.00
2024-05-18 11:00:00,0.00002513,0.00002519,0.00002497,0.00002503,103667617104.00
2024-05-18 12:00:00,0.00002503,0.00002507,0.00002472,0.00002473,88666634615.00
2024-05-18 13:00:00,0.00002474,0.00002479,0.00002449,0.00002456,241350407836.00
2024-05-18 14:00:00,0.00002456,0.00002467,0.00002437,0.00002452,323319340703.00
2024-05-18 15:00:00,0.00002452,0.00002463,0.00002445,0.00002457,87735531231.00
2024-05-18 16:00:00,0.00002457,0.00002468,0.00002450,0.00002452,101253053942.00
2024-05-18 17:00:00,0.00002452,0.00002463,0.00002447,0.00002453,56769823367.00
2024-05-18 18:00:00,0.00002453,0.00002456,0.00002444,0.00002450,42835783555.00
2024-05-18 19:00:00,0.00002450,0.00002466,0.00002448,0.00002463,42559731065.00
2024-05-18 20:00:00,0.00002463,0.00002483,0.00002456,0.00002475,73172781895.00
2024-05-18 21:00:00,0.00002475,0.00002489,0.00002470,0.00002475,53418113956.00
2024-05-18 22:00:00,0.00002475,0.00002491,0.00002469,0.00002479,58532831465.00
2024-05-18 23:00:00,0.00002479,0.00002485,0.00002475,0.00002476,39243669724.00
2024-05-19 00:00:00,0.00002476,0.00002478,0.00002462,0.00002467,49720177554.00
2024-05-19 01:00:00,0.00002467,0.00002479,0.00002463,0.00002476,39403979818.00
2024-05-19 02:00:00,0.00002476,0.00002497,0.00002474,0.00002496,45002982438.00
2024-05-19 03:00:00,0.00002496,0.00002507,0.00002490,0.00002503,78281323910.00
2024-05-19 04:00:00,0.00002502,0.00002509,0.00002482,0.00002501,88652063873.00
2024-05-19 05:00:00,0.00002501,0.00002503,0.00002484,0.00002486,46708972791.00
2024-05-19 06:00:00,0.00002487,0.00002488,0.00002471,0.00002475,45350141525.00
2024-05-19 07:00:00,0.00002476,0.00002488,0.00002470,0.00002483,51665585972.00
2024-05-19 08:00:00,0.00002483,0.00002484,0.00002459,0.00002464,83171448819.00
2024-05-19 09:00:00,0.00002464,0.00002471,0.00002452,0.00002469,77495076462.00
2024-05-19 10:00:00,0.00002469,0.00002490,0.00002465,0.00002469,111964070022.00
2024-05-19 11:00:00,0.00002470,0.00002473,0.00002440,0.00002456,188084880077.00
2024-05-19 12:00:00,0.00002455,0.00002456,0.00002405,0.00002410,210983685395.00
2024-05-19 13:00:00,0.00002411,0.00002422,0.00002390,0.00002413,197354625572.00
2024-05-19 14:00:00,0.00002413,0.00002423,0.00002406,0.00002416,97862559879.00
2024-05-19 15:00:00,0.00002416,0.00002418,0.00002394,0.00002414,84258801234.00
2024-05-19 16:00:00,0.00002414,0.00002419,0.00002381,0.00002384,126008301247.00
2024-05-19 17:00:00,0.00002385,0.00002398,0.00002383,0.00002394,162623954735.00
2024-05-19 18:00:00,0.00002394,0.00002398,0.00002381,0.00002385,58372758127.00
2024-05-19 19:00:00,0.00002384,0.00002398,0.00002375,0.00002380,103246061635.00
2024-05-19 20:00:00,0.00002380,0.00002393,0.00002379,0.00002391,86373279898.00
2024-05-19 21:00:00,0.00002390,0.00002394,0.00002359,0.00002383,90915913606.00
2024-05-19 22:00:00,0.00002383,0.00002393,0.00002380,0.00002390,36077105961.00
2024-05-19 23:00:00,0.00002390,0.00002392,0.00002382,0.00002386,23529276341.00
2024-05-20 00:00:00,0.00002386,0.00002390,0.00002365,0.00002382,96978561688.00
2024-05-20 01:00:00,0.00002382,0.00002387,0.00002351,0.00002376,115561647287.00
2024-05-20 02:00:00,0.00002376,0.00002392,0.00002373,0.00002385,98692541293.00
2024-05-20 03:00:00,0.00002384,0.00002395,0.00002383,0.00002387,48790780524.00
2024-05-20 04:00:00,0.00002387,0.00002423,0.00002385,0.00002417,87941899209.00
2024-05-20 05:00:00,0.00002417,0.00002438,0.00002416,0.00002427,103554972381.00
2024-05-20 06:00:00,0.00002426,0.00002427,0.00002369,0.00002379,99986405340.00
2024-05-20 07:00:00,0.00002379,0.00002408,0.00002375,0.00002400,81922663440.00
2024-05-20 08:00:00,0.00002400,0.00002413,0.00002392,0.00002398,81682469173.00
2024-05-20 09:00:00,0.00002398,0.00002403,0.00002386,0.00002388,83762846879.00
2024-05-20 10:00:00,0.00002387,0.00002414,0.00002384,0.00002409,91513635081.00
2024-05-20 11:00:00,0.00002408,0.00002421,0.00002398,0.00002399,79479906065.00
2024-05-20 12:00:00,0.00002399,0.00002408,0.00002385,0.00002392,116836046638.00
2024-05-20 13:00:00,0.00002393,0.00002415,0.00002390,0.00002409,119349263515.00
2024-05-20 14:00:00,0.00002409,0.00002409,0.00002390,0.00002400,116182610155.00
2024-05-20 15:00:00,0.00002400,0.00002423,0.00002394,0.00002419,174936156852.00
2024-05-20 16:00:00,0.00002419,0.00002444,0.00002412,0.00002423,389960452317.00
2024-05-20 17:00:00,0.00002422,0.00002439,0.00002412,0.00002427,230062175517.00
2024-05-20 18:00:00,0.00002427,0.00002440,0.00002425,0.00002432,151666909459.00
2024-05-20 19:00:00,0.00002431,0.00002514,0.00002425,0.00002510,783928788759.00
2024-05-20 20:00:00,0.00002510,0.00002525,0.00002471,0.00002497,693031399912.00
2024-05-20 21:00:00,0.00002496,0.00002524,0.00002477,0.00002523,347651509675.00
2024-05-20 22:00:00,0.00002523,0.00002585,0.00002515,0.00002534,659606758223.00
2024-05-20 23:00:00,0.00002533,0.00002613,0.00002533,0.00002607,743647826338.00
2024-05-21 00:00:00,0.00002606,0.00002626,0.00002562,0.00002573,654091882978.00
2024-05-21 01:00:00,0.00002573,0.00002573,0.00002512,0.00002541,548055575685.00
2024-05-21 02:00:00,0.00002542,0.00002545,0.00002521,0.00002531,205234670177.00
2024-05-21 03:00:00,0.00002531,0.00002557,0.00002527,0.00002540,183356964541.00
2024-05-21 04:00:00,0.00002541,0.00002553,0.00002524,0.00002526,251111330910.00
2024-05-21 05:00:00,0.00002526,0.00002557,0.00002513,0.00002555,190212468476.00
2024-05-21 06:00:00,0.00002555,0.00002567,0.00002544,0.00002547,213140768880.00
2024-05-21 07:00:00,0.00002546,0.00002557,0.00002535,0.00002543,168895875679.00
2024-05-21 08:00:00,0.00002543,0.00002552,0.00002534,0.00002545,132304978290.00
2024-05-21 09:00:00,0.00002545,0.00002553,0.00002538,0.00002548,112405713802.00
2024-05-21 10:00:00,0.00002547,0.00002567,0.00002542,0.00002558,192741766523.00
2024-05-21 11:00:00,0.00002558,0.00002590,0.00002552,0.00002562,302277961768.00
2024-05-21 12:00:00,0.00002562,0.00002618,0.00002543,0.00002618,551852506524.00
2024-05-21 13:00:00,0.00002619,0.00002669,0.00002554,0.00002608,1072255606067.00
2024-05-21 14:00:00,0.00002608,0.00002653,0.00002590,0.00002592,723799457523.00
2024-05-21 15:00:00,0.00002592,0.00002610,0.00002536,0.00002547,472909348410.00
2024-05-21 16:00:00,0.00002547,0.00002605,0.00002530,0.00002566,656558681022.00
2024-05-21 17:00:00,0.00002566,0.00002582,0.00002554,0.00002573,363201404526.00
2024-05-21 18:00:00,0.00002573,0.00002587,0.00002551,0.00002565,245594165368.00
2024-05-21 19:00:00,0.00002564,0.00002567,0.00002503,0.00002516,353384084952.00
2024-05-21 20:00:00,0.00002516,0.00002547,0.00002513,0.00002534,172134047283.00
2024-05-21 21:00:00,0.00002534,0.00002544,0.00002510,0.00002533,146536435065.00
2024-05-21 22:00:00,0.00002534,0.00002590,0.00002533,0.00002586,471150568046.00
2024-05-21 23:00:00,0.00002586,0.00002625,0.00002565,0.00002612,418421554217.00
2024-05-22 00:00:00,0.00002611,0.00002686,0.00002603,0.00002607,1093571831852.00
2024-05-22 01:00:00,0.00002608,0.00002649,0.00002604,0.00002633,316449324846.00
2024-05-22 02:00:00,0.00002632,0.00002664,0.00002612,0.00002629,321964868657.00
2024-05-22 03:00:00,0.00002630,0.00002637,0.00002604,0.00002615,330792053070.00
2024-05-22 04:00:00,0.00002615,0.00002624,0.00002545,0.00002566,448916731022.00
2024-05-22 05:00:00,0.00002567,0.00002585,0.00002548,0.00002579,253714271316.00
2024-05-22 06:00:00,0.00002579,0.00002614,0.00002576,0.00002605,309180525336.00
2024-05-22 07:00:00,0.00002606,0.00002621,0.00002584,0.00002612,235962391523.00
2024-05-22 08:00:00,0.00002612,0.00002627,0.00002592,0.00002608,237514439168.00
2024-05-22 09:00:00,0.00002609,0.00002609,0.00002580,0.00002589,191744048680.00
2024-05-22 10:00:00,0.00002589,0.00002605,0.00002580,0.00002600,164823574015.00
2024-05-22 11:00:00,0.00002600,0.00002608,0.00002555,0.00002556,206288242648.00
2024-05-22 12:00:00,0.00002555,0.00002578,0.00002501,0.00002502,495485170040.00
2024-05-22 13:00:00,0.00002502,0.00002530,0.00002502,0.00002530,404214327068.00
2024-05-22 14:00:00,0.00002531,0.00002552,0.00002513,0.00002542,292954854995.00
2024-05-22 15:00:00,0.00002542,0.00002593,0.00002531,0.00002575,459968332713.00
2024-05-22 16:00:00,0.00002576,0.00002582,0.00002549,0.00002568,301394496512.00
2024-05-22 17:00:00,0.00002569,0.00002599,0.00002535,0.00002551,408230392111.00
2024-05-22 18:00:00,0.00002551,0.00002556,0.00002514,0.00002533,284181489274.00
2024-05-22 19:00:00,0.00002532,0.00002545,0.00002529,0.00002537,119691124168.00
2024-05-22 20:00:00,0.00002537,0.00002553,0.00002518,0.00002532,134576918682.00
2024-05-22 21:00:00,0.00002532,0.00002559,0.00002511,0.00002552,116337823871.00
2024-05-22 22:00:00,0.00002551,0.00002555,0.00002524,0.00002535,79671227565.00
2024-05-22 23:00:00,0.00002534,0.00002535,0.00002522,0.00002533,64606192124.00
2024-05-23 00:00:00,0.00002532,0.00002547,0.00002529,0.00002534,112358359227.00
2024-05-23 01:00:00,0.00002534,0.00002534,0.00002505,0.00002529,151568313821.00
2024-05-23 02:00:00,0.00002529,0.00002540,0.00002526,0.00002536,101528067241.00
2024-05-23 03:00:00,0.00002536,0.00002547,0.00002529,0.00002544,130658350978.00
2024-05-23 04:00:00,0.00002543,0.00002559,0.00002530,0.00002552,141620269463.00
2024-05-23 05:00:00,0.00002552,0.00002559,0.00002537,0.00002550,179354464326.00
2024-05-23 06:00:00,0.00002549,0.00002555,0.00002528,0.00002546,138742611924.00
2024-05-23 07:00:00,0.00002546,0.00002565,0.00002536,0.00002552,185527173730.00
2024-05-23 08:00:00,0.00002552,0.00002562,0.00002545,0.00002549,146463021321.00
2024-05-23 09:00:00,0.00002549,0.00002560,0.00002523,0.00002526,234803488930.00
2024-05-23 10:00:00,0.00002526,0.00002541,0.00002514,0.00002526,202017713048.00
2024-05-23 11:00:00,0.00002526,0.00002566,0.00002524,0.00002565,212405844820.00
2024-05-23 12:00:00,0.00002564,0.00002574,0.00002459,0.00002504,712611704115.00
2024-05-23 13:00:00,0.00002504,0.00002518,0.00002393,0.00002435,1309475390924.00
2024-05-23 14:00:00,0.00002434,0.00002465,0.00002415,0.00002421,460487306355.00
2024-05-23 15:00:00,0.00002421,0.00002456,0.00002417,0.00002448,299795815897.00
2024-05-23 16:00:00,0.00002449,0.00002462,0.00002437,0.00002448,172805853048.00
2024-05-23 17:00:00,0.00002447,0.00002462,0.00002434,0.00002435,133997802290.00
2024-05-23 18:00:00,0.00002435,0.00002446,0.00002398,0.00002435,344003346030.00
2024-05-23 19:00:00,0.00002435,0.00002448,0.00002420,0.00002424,125662614400.00
2024-05-23 20:00:00,0.00002424,0.00002428,0.00002339,0.00002419,797575315098.00
2024-05-23 21:00:00,0.00002418,0.00002480,0.00002414,0.00002470,689853418283.00
2024-05-23 22:00:00,0.00002470,0.00002470,0.00002424,0.00002451,268681914892.00
2024-05-23 23:00:00,0.00002451,0.00002462,0.00002435,0.00002461,136105038989.00
2024-05-24 00:00:00,0.00002460,0.00002462,0.00002436,0.00002457,103223286184.00
2024-05-24 01:00:00,0.00002456,0.00002457,0.00002440,0.00002447,59233266452.00
2024-05-24 02:00:00,0.00002447,0.00002454,0.00002430,0.00002453,84123353870.00
2024-05-24 03:00:00,0.00002452,0.00002453,0.00002442,0.00002446,51049962001.00
2024-05-24 04:00:00,0.00002445,0.00002450,0.00002438,0.00002443,106234950931.00
2024-05-24 05:00:00,0.00002442,0.00002483,0.00002405,0.00002454,672896640556.00
2024-05-24 06:00:00,0.00002455,0.00002455,0.00002372,0.00002373,409426534025.00
2024-05-24 07:00:00,0.00002373,0.00002404,0.00002366,0.00002395,218734221511.00
2024-05-24 08:00:00,0.00002394,0.00002399,0.00002362,0.00002396,179739712415.00
2024-05-24 09:00:00,0.00002396,0.00002401,0.00002377,0.00002396,143599054699.00
2024-05-24 10:00:00,0.00002396,0.00002412,0.00002390,0.00002407,118627084947.00
2024-05-24 11:00:00,0.00002406,0.00002429,0.00002403,0.00002423,105060472973.00
2024-05-24 12:00:00,0.00002423,0.00002434,0.00002413,0.00002422,116498796193.00
2024-05-24 13:00:00,0.00002422,0.00002441,0.00002406,0.00002412,220018846171.00
2024-05-24 14:00:00,0.00002413,0.00002443,0.00002408,0.00002437,190496841294.00
2024-05-24 15:00:00,0.00002437,0.00002511,0.00002437,0.00002452,539539105451.00
2024-05-24 16:00:00,0.00002451,0.00002465,0.00002427,0.00002440,174006302239.00
2024-05-24 17:00:00,0.00002439,0.00002448,0.00002411,0.00002443,191315878232.00
2024-05-24 18:00:00,0.00002443,0.00002463,0.00002437,0.00002441,177112731781.00
2024-05-24 19:00:00,0.00002440,0.00002452,0.00002432,0.00002449,66651322576.00
2024-05-24 20:00:00,0.00002449,0.00002457,0.00002439,0.00002440,65854376097.00
2024-05-24 21:00:00,0.00002439,0.00002445,0.00002428,0.00002440,72879986925.00
2024-05-24 22:00:00,0.00002440,0.00002444,0.00002431,0.00002443,59832706491.00
2024-05-24 23:00:00,0.00002443,0.00002448,0.00002432,0.00002440,69285810112.00
2024-05-25 00:00:00,0.00002440,0.00002449,0.00002429,0.00002439,80684814008.00
2024-05-25 01:00:00,0.00002438,0.00002450,0.00002434,0.00002447,92528906559.00
2024-05-25 02:00:00,0.00002446,0.00002462,0.00002443,0.00002458,63252598471.00
2024-05-25 03:00:00,0.00002458,0.00002463,0.00002448,0.00002458,80490324510.00
2024-05-25 04:00:00,0.00002457,0.00002471,0.00002457,0.00002466,65779337522.00
2024-05-25 05:00:00,0.00002465,0.00002468,0.00002457,0.00002464,84842577787.00
2024-05-25 06:00:00,0.00002465,0.00002467,0.00002453,0.00002466,100682276175.00
2024-05-25 07:00:00,0.00002465,0.00002494,0.00002463,0.00002489,184006724470.00
2024-05-25 08:00:00,0.00002489,0.00002492,0.00002474,0.00002481,167077856683.00
2024-05-25 09:00:00,0.00002480,0.00002501,0.00002478,0.00002494,175574614269.00
2024-05-25 10:00:00,0.00002494,0.00002520,0.00002487,0.00002514,217960199403.00
2024-05-25 11:00:00,0.00002514,0.00002527,0.00002490,0.00002491,269195941835.00
2024-05-25 12:00:00,0.00002492,0.00002497,0.00002453,0.00002469,261897560923.00
2024-05-25 13:00:00,0.00002470,0.00002483,0.00002447,0.00002455,174184980565.00
2024-05-25 14:00:00,0.00002456,0.00002476,0.00002453,0.00002470,110089681642.00
2024-05-25 15:00:00,0.00002470,0.00002494,0.00002470,0.00002476,141476204849.00
2024-05-25 16:00:00,0.00002476,0.00002488,0.00002475,0.00002483,85281354810.00
2024-05-25 17:00:00,0.00002484,0.00002494,0.00002475,0.00002480,76032941039.00
2024-05-25 18:00:00,0.00002480,0.00002499,0.00002479,0.00002491,61689351094.00
2024-05-25 19:00:00,0.00002490,0.00002495,0.00002483,0.00002486,51103150934.00
2024-05-25 20:00:00,0.00002485,0.00002491,0.00002473,0.00002483,60904063584.00
2024-05-25 21:00:00,0.00002482,0.00002489,0.00002474,0.00002482,64867273063.00
2024-05-25 22:00:00,0.00002482,0.00002484,0.00002467,0.00002477,66163633253.00
2024-05-25 23:00:00,0.00002477,0.00002512,0.00002477,0.00002508,109370070311.00
2024-05-26 00:00:00,0.00002508,0.00002517,0.00002487,0.00002488,164900232300.00
2024-05-26 01:00:00,0.00002487,0.00002500,0.00002487,0.00002496,99759893767.00
2024-05-26 02:00:00,0.00002496,0.00002499,0.00002466,0.00002476,121106715192.00
2024-05-26 03:00:00,0.00002475,0.00002499,0.00002467,0.00002490,99835009300.00
2024-05-26 04:00:00,0.00002489,0.00002492,0.00002470,0.00002478,98440094038.00
2024-05-26 05:00:00,0.00002479,0.00002481,0.00002470,0.00002476,56040142795.00
2024-05-26 06:00:00,0.00002476,0.00002482,0.00002469,0.00002476,54973574139.00
2024-05-26 07:00:00,0.00002476,0.00002491,0.00002473,0.00002479,99402716496.00
2024-05-26 08:00:00,0.00002478,0.00002487,0.00002454,0.00002464,95142413840.00
2024-05-26 09:00:00,0.00002464,0.00002473,0.00002443,0.00002454,123637603260.00
2024-05-26 10:00:00,0.00002454,0.00002464,0.00002448,0.00002462,90196506232.00
2024-05-26 11:00:00,0.00002463,0.00002472,0.00002460,0.00002468,157407840174.00
2024-05-26 12:00:00,0.00002469,0.00002469,0.00002450,0.00002456,127918569406.00
2024-05-26 13:00:00,0.00002455,0.00002460,0.00002438,0.00002454,109251014062.00
2024-05-26 14:00:00,0.00002454,0.00002468,0.00002439,0.00002468,101759017037.00
2024-05-26 15:00:00,0.00002467,0.00002469,0.00002427,0.00002439,176675878706.00
2024-05-26 16:00:00,0.00002439,0.00002448,0.00002426,0.00002439,116063256133.00
2024-05-26 17:00:00,0.00002439,0.00002442,0.00002431,0.00002437,73002260865.00
2024-05-26 18:00:00,0.00002436,0.00002440,0.00002427,0.00002437,80444594296.00
2024-05-26 19:00:00,0.00002437,0.00002447,0.00002432,0.00002438,88785896737.00
2024-05-26 20:00:00,0.00002437,0.00002438,0.00002425,0.00002429,52668621294.00
2024-05-26 21:00:00,0.00002429,0.00002442,0.00002414,0.00002441,98681254577.00
2024-05-26 22:00:00,0.00002441,0.00002449,0.00002436,0.00002442,74831035765.00
2024-05-26 23:00:00,0.00002441,0.00002443,0.00002429,0.00002433,35301305481.00
2024-05-27 00:00:00,0.00002432,0.00002451,0.00002431,0.00002445,118211922706.00
2024-05-27 01:00:00,0.00002444,0.00002459,0.00002438,0.00002452,80747635581.00
2024-05-27 02:00:00,0.00002453,0.00002468,0.00002451,0.00002456,125741432809.00
2024-05-27 03:00:00,0.00002455,0.00002463,0.00002452,0.00002461,70404243429.00
2024-05-27 04:00:00,0.00002461,0.00002469,0.00002457,0.00002458,72215885433.00
2024-05-27 05:00:00,0.00002458,0.00002459,0.00002435,0.00002449,109326097714.00
2024-05-27 06:00:00,0.00002449,0.00002457,0.00002439,0.00002442,122105136990.00
2024-05-27 07:00:00,0.00002443,0.00002468,0.00002440,0.00002466,138960508863.00
2024-05-27 08:00:00,0.00002466,0.00002499,0.00002465,0.00002487,377147722097.00
2024-05-27 09:00:00,0.00002487,0.00002606,0.00002468,0.00002584,1043939154263.00
2024-05-27 10:00:00,0.00002584,0.00002601,0.00002532,0.00002548,709831616714.00
2024-05-27 11:00:00,0.00002548,0.00002567,0.00002528,0.00002538,383729916224.00
2024-05-27 12:00:00,0.00002538,0.00002577,0.00002530,0.00002566,350965003467.00
2024-05-27 13:00:00,0.00002566,0.00002578,0.00002532,0.00002553,501701900541.00
2024-05-27 14:00:00,0.00002553,0.00002621,0.00002545,0.00002574,779737078914.00
2024-05-27 15:00:00,0.00002575,0.00002591,0.00002562,0.00002583,413389047902.00
2024-05-27 16:00:00,0.00002584,0.00002623,0.00002579,0.00002597,503891027686.00
2024-05-27 17:00:00,0.00002598,0.00002602,0.00002570,0.00002576,237684554330.00
2024-05-27 18:00:00,0.00002576,0.00002584,0.00002564,0.00002566,220812188440.00
2024-05-27 19:00:00,0.00002566,0.00002572,0.00002518,0.00002538,292938220042.00
2024-05-27 20:00:00,0.00002538,0.00002573,0.00002531,0.00002570,234483095792.00
2024-05-27 21:00:00,0.00002570,0.00002571,0.00002545,0.00002554,113135328771.00
2024-05-27 22:00:00,0.00002555,0.00002568,0.00002549,0.00002558,95921755537.00
2024-05-27 23:00:00,0.00002558,0.00002560,0.00002542,0.00002552,91993025421.00
2024-05-28 00:00:00,0.00002552,0.00002553,0.00002520,0.00002538,264685893332.00
2024-05-28 01:00:00,0.00002538,0.00002574,0.00002509,0.00002512,326318942530.00
2024-05-28 02:00:00,0.00002511,0.00002521,0.00002482,0.00002514,341102115416.00
2024-05-28 03:00:00,0.00002514,0.00002518,0.00002474,0.00002491,200539255431.00
2024-05-28 04:00:00,0.00002490,0.00002493,0.00002444,0.00002466,298364074426.00
2024-05-28 05:00:00,0.00002465,0.00002494,0.00002459,0.00002493,135962678037.00
2024-05-28 06:00:00,0.00002493,0.00002494,0.00002476,0.00002481,120725296495.00
2024-05-28 07:00:00,0.00002480,0.00002481,0.00002464,0.00002468,139362951021.00
2024-05-28 08:00:00,0.00002468,0.00002484,0.00002464,0.00002481,123417704325.00
2024-05-28 09:00:00,0.00002481,0.00002515,0.00002475,0.00002507,202739349853.00
2024-05-28 10:00:00,0.00002507,0.00002576,0.00002502,0.00002555,739046215861.00
2024-05-28 11:00:00,0.00002555,0.00002622,0.00002538,0.00002602,635911211205.00
2024-05-28 12:00:00,0.00002602,0.00002640,0.00002580,0.00002614,1224910163368.00
2024-05-28 13:00:00,0.00002613,0.00002628,0.00002559,0.00002566,798555471369.00
2024-05-28 14:00:00,0.00002566,0.00002615,0.00002542,0.00002600,669930045732.00
2024-05-28 15:00:00,0.00002601,0.00002624,0.00002562,0.00002611,531247608888.00
2024-05-28 16:00:00,0.00002611,0.00002674,0.00002579,0.00002596,1058440918649.00
2024-05-28 17:00:00,0.00002597,0.00002610,0.00002573,0.00002578,343977842784.00
2024-05-28 18:00:00,0.00002578,0.00002615,0.00002561,0.00002595,425317346263.00
2024-05-28 19:00:00,0.00002595,0.00002648,0.00002593,0.00002636,506139030221.00
2024-05-28 20:00:00,0.00002637,0.00002670,0.00002628,0.00002666,473913198811.00
2024-05-28 21:00:00,0.00002667,0.00002738,0.00002666,0.00002703,951744318356.00
2024-05-28 22:00:00,0.00002703,0.00002723,0.00002661,0.00002666,404959827421.00
2024-05-28 23:00:00,0.00002666,0.00002681,0.00002649,0.00002674,219543452204.00
2024-05-29 00:00:00,0.00002675,0.00002753,0.00002655,0.00002747,632625818013.00
2024-05-29 01:00:00,0.00002748,0.00002825,0.00002738,0.00002789,1193221456613.00
2024-05-29 02:00:00,0.00002789,0.00002810,0.00002750,0.00002790,669034362912.00
2024-05-29 03:00:00,0.00002789,0.00002901,0.00002786,0.00002860,1257454804770.00
2024-05-29 04:00:00,0.00002860,0.00002899,0.00002852,0.00002864,702808946725.00
2024-05-29 05:00:00,0.00002864,0.00002892,0.00002847,0.00002876,585377902879.00
2024-05-29 06:00:00,0.00002875,0.00002945,0.00002848,0.00002855,1057491718869.00
2024-05-29 07:00:00,0.00002856,0.00002859,0.00002809,0.00002833,777851236337.00
2024-05-29 08:00:00,0.00002834,0.00002845,0.00002721,0.00002770,1398081747083.00
2024-05-29 09:00:00,0.00002769,0.00002787,0.00002730,0.00002739,631696386353.00
2024-05-29 10:00:00,0.00002739,0.00002794,0.00002730,0.00002786,415678041313.00
2024-05-29 11:00:00,0.00002786,0.00002787,0.00002711,0.00002725,420139849003.00
2024-05-29 12:00:00,0.00002724,0.00002731,0.00002669,0.00002709,596699171582.00
2024-05-29 13:00:00,0.00002708,0.00002758,0.00002691,0.00002727,667673008456.00
2024-05-29 14:00:00,0.00002726,0.00002753,0.00002706,0.00002734,473011386924.00
2024-05-29 15:00:00,0.00002734,0.00002754,0.00002688,0.00002701,347971434209.00
2024-05-29 16:00:00,0.00002702,0.00002741,0.00002652,0.00002725,551768535478.00
2024-05-29 17:00:00,0.00002725,0.00002799,0.00002714,0.00002789,581246879829.00
2024-05-29 18:00:00,0.00002789,0.00002803,0.00002748,0.00002788,463350601820.00
2024-05-29 19:00:00,0.00002787,0.00002788,0.00002741,0.00002745,277716685130.00
2024-05-29 20:00:00,0.00002746,0.00002772,0.00002741,0.00002754,206090274173.00
2024-05-29 21:00:00,0.00002754,0.00002773,0.00002700,0.00002762,309192070751.00
2024-05-29 22:00:00,0.00002761,0.00002809,0.00002743,0.00002783,349080048274.00
2024-05-29 23:00:00,0.00002782,0.00002796,0.00002745,0.00002755,365501406597.00
2024-05-30 00:00:00,0.00002755,0.00002836,0.00002752,0.00002762,436472138173.00
2024-05-30 01:00:00,0.00002763,0.00002802,0.00002730,0.00002780,277938910525.00
2024-05-30 02:00:00,0.00002781,0.00002883,0.00002765,0.00002826,745261825347.00
2024-05-30 03:00:00,0.00002826,0.00002844,0.00002786,0.00002805,216846099764.00
2024-05-30 04:00:00,0.00002804,0.00002820,0.00002775,0.00002781,211882616166.00
2024-05-30 05:00:00,0.00002781,0.00002795,0.00002756,0.00002760,225106220816.00
2024-05-30 06:00:00,0.00002760,0.00002777,0.00002641,0.00002669,1168045520335.00
2024-05-30 07:00:00,0.00002669,0.00002675,0.00002586,0.00002599,828909808917.00
2024-05-30 08:00:00,0.00002599,0.00002626,0.00002561,0.00002625,808888835375.00
2024-05-30 09:00:00,0.00002624,0.00002629,0.00002598,0.00002625,315105132773.00
2024-05-30 10:00:00,0.00002624,0.00002643,0.00002599,0.00002639,269156423336.00
2024-05-30 11:00:00,0.00002639,0.00002650,0.00002608,0.00002611,197889094006.00
2024-05-30 12:00:00,0.00002611,0.00002687,0.00002604,0.00002680,473472558152.00
2024-05-30 13:00:00,0.00002681,0.00002696,0.00002659,0.00002670,401846999783.00
2024-05-30 14:00:00,0.00002670,0.00002687,0.00002629,0.00002641,324730985652.00
2024-05-30 15:00:00,0.00002640,0.00002663,0.00002627,0.00002655,229933526167.00
2024-05-30 16:00:00,0.00002656,0.00002673,0.00002637,0.00002646,257495270069.00
2024-05-30 17:00:00,0.00002646,0.00002698,0.00002632,0.00002650,371527984289.00
2024-05-30 18:00:00,0.00002651,0.00002660,0.00002636,0.00002645,164013469150.00
2024-05-30 19:00:00,0.00002645,0.00002648,0.00002602,0.00002612,238758863005.00
2024-05-30 20:00:00,0.00002611,0.00002613,0.00002571,0.00002578,354890314171.00
2024-05-30 21:00:00,0.00002577,0.00002593,0.00002563,0.00002581,175707614680.00
2024-05-30 22:00:00,0.00002581,0.00002590,0.00002568,0.00002588,155072918133.00
2024-05-30 23:00:00,0.00002589,0.00002593,0.00002581,0.00002588,124032612886.00
2024-05-31 00:00:00,0.00002588,0.00002594,0.00002562,0.00002587,162413859246.00
2024-05-31 01:00:00,0.00002587,0.00002626,0.00002580,0.00002591,214032055529.00
2024-05-31 02:00:00,0.00002591,0.00002617,0.00002585,0.00002614,90048539147.00
2024-05-31 03:00:00,0.00002613,0.00002614,0.00002593,0.00002604,74505832376.00
2024-05-31 04:00:00,0.00002604,0.00002615,0.00002594,0.00002601,81244767321.00
2024-05-31 05:00:00,0.00002601,0.00002602,0.00002562,0.00002583,116138004257.00
2024-05-31 06:00:00,0.00002584,0.00002610,0.00002577,0.00002584,104192819459.00
2024-05-31 07:00:00,0.00002583,0.00002595,0.00002573,0.00002584,99134484487.00
2024-05-31 08:00:00,0.00002584,0.00002599,0.00002581,0.00002583,93871172460.00
2024-05-31 09:00:00,0.00002582,0.00002588,0.00002553,0.00002580,198976746156.00
2024-05-31 10:00:00,0.00002579,0.00002599,0.00002560,0.00002571,194967631594.00
2024-05-31 11:00:00,0.00002571,0.00002614,0.00002569,0.00002597,298431067294.00
2024-05-31 12:00:00,0.00002596,0.00002633,0.00002587,0.00002612,339343394602.00
2024-05-31 13:00:00,0.00002612,0.00002635,0.00002580,0.00002580,353785823314.00
2024-05-31 14:00:00,0.00002581,0.00002590,0.00002551,0.00002566,348300062636.00
2024-05-31 15:00:00,0.00002565,0.00002575,0.00002527,0.00002528,337071645248.00
2024-05-31 16:00:00,0.00002528,0.00002542,0.00002487,0.00002533,710515731596.00
2024-05-31 17:00:00,0.00002533,0.00002548,0.00002525,0.00002547,194099966206.00
2024-05-31 18:00:00,0.00002546,0.00002548,0.00002531,0.00002545,145677577117.00
2024-05-31 19:00:00,0.00002545,0.00002565,0.00002539,0.00002556,92538403730.00
2024-05-31 20:00:00,0.00002556,0.00002571,0.00002548,0.00002560,82872694153.00
2024-05-31 21:00:00,0.00002560,0.00002571,0.00002556,0.00002558,65341679946.00
2024-05-31 22:00:00,0.00002557,0.00002566,0.00002550,0.00002550,62349278701.00
2024-05-31 23:00:00,0.00002551,0.00002553,0.00002533,0.00002543,101966278383.00
2024-06-01 00:00:00,0.00002543,0.00002550,0.00002532,0.00002537,65709029484.00
2024-06-01 01:00:00,0.00002537,0.00002544,0.00002517,0.00002531,59949735446.00
2024-06-01 02:00:00,0.00002532,0.00002545,0.00002529,0.00002543,61744989508.00
2024-06-01 03:00:00,0.00002543,0.00002546,0.00002530,0.00002533,38456472792.00
2024-06-01 04:00:00,0.00002534,0.00002540,0.00002519,0.00002531,57938179912.00
2024-06-01 05:00:00,0.00002531,0.00002535,0.00002522,0.00002525,52376781143.00
2024-06-01 06:00:00,0.00002525,0.00002531,0.00002519,0.00002526,50550789940.00
2024-06-01 07:00:00,0.00002525,0.00002530,0.00002511,0.00002522,133667858818.00
2024-06-01 08:00:00,0.00002523,0.00002549,0.00002522,0.00002546,110197685762.00
2024-06-01 09:00:00,0.00002546,0.00002548,0.00002524,0.00002532,84150109080.00
2024-06-01 10:00:00,0.00002532,0.00002533,0.00002520,0.00002524,62091045338.00
2024-06-01 11:00:00,0.00002524,0.00002528,0.00002518,0.00002523,62906243673.00
2024-06-01 12:00:00,0.00002523,0.00002536,0.00002519,0.00002529,77781531957.00
2024-06-01 13:00:00,0.00002529,0.00002543,0.00002524,0.00002525,149473806241.00
2024-06-01 14:00:00,0.00002524,0.00002546,0.00002523,0.00002544,89230745324.00
2024-06-01 15:00:00,0.00002543,0.00002548,0.00002537,0.00002538,105324810212.00
2024-06-01 16:00:00,0.00002538,0.00002547,0.00002525,0.00002531,111680733098.00
2024-06-01 17:00:00,0.00002531,0.00002542,0.00002522,0.00002539,80408692880.00
2024-06-01 18:00:00,0.00002539,0.00002543,0.00002530,0.00002533,44675154293.00
2024-06-01 19:00:00,0.00002533,0.00002535,0.00002526,0.00002530,43229527948.00
2024-06-01 20:00:00,0.00002529,0.00002542,0.00002527,0.00002536,73186223970.00
2024-06-01 21:00:00,0.00002537,0.00002549,0.00002531,0.00002538,73614425254.00
2024-06-01 22:00:00,0.00002538,0.00002549,0.00002535,0.00002538,82301837780.00
2024-06-01 23:00:00,0.00002538,0.00002540,0.00002523,0.00002526,65653976732.00
2024-06-02 00:00:00,0.00002526,0.00002540,0.00002525,0.00002539,50426877893.00
2024-06-02 01:00:00,0.00002540,0.00002549,0.00002526,0.00002532,233092971757.00
2024-06-02 02:00:00,0.00002532,0.00002536,0.00002491,0.00002500,268633803684.00
2024-06-02 03:00:00,0.00002501,0.00002520,0.00002497,0.00002515,90242769482.00
2024-06-02 04:00:00,0.00002515,0.00002518,0.00002505,0.00002518,52883499750.00
2024-06-02 05:00:00,0.00002518,0.00002520,0.00002491,0.00002493,108679518355.00
2024-06-02 06:00:00,0.00002492,0.00002510,0.00002481,0.00002507,170694637136.00
2024-06-02 07:00:00,0.00002506,0.00002507,0.00002471,0.00002485,178093077797.00
2024-06-02 08:00:00,0.00002485,0.00002496,0.00002485,0.00002489,107871906240.00
2024-06-02 09:00:00,0.00002489,0.00002492,0.00002461,0.00002478,205008250581.00
2024-06-02 10:00:00,0.00002479,0.00002484,0.00002464,0.00002481,110634076734.00
2024-06-02 11:00:00,0.00002480,0.00002504,0.00002472,0.00002502,88075760137.00
2024-06-02 12:00:00,0.00002502,0.00002508,0.00002485,0.00002489,108918390414.00
2024-06-02 13:00:00,0.00002488,0.00002501,0.00002481,0.00002496,148568568687.00
2024-06-02 14:00:00,0.00002497,0.00002508,0.00002490,0.00002502,117102239808.00
2024-06-02 15:00:00,0.00002503,0.00002505,0.00002489,0.00002491,73805067437.00
2024-06-02 16:00:00,0.00002491,0.00002493,0.00002468,0.00002475,153190105276.00
2024-06-02 17:00:00,0.00002474,0.00002483,0.00002420,0.00002427,377098883407.00
2024-06-02 18:00:00,0.00002427,0.00002443,0.00002402,0.00002442,375932012429.00
2024-06-02 19:00:00,0.00002443,0.00002447,0.00002425,0.00002439,137195569152.00
2024-06-02 20:00:00,0.00002439,0.00002443,0.00002420,0.00002441,104875387318.00
2024-06-02 21:00:00,0.00002441,0.00002455,0.00002440,0.00002450,89790497756.00
2024-06-02 22:00:00,0.00002451,0.00002487,0.00002446,0.00002466,195651767015.00
2024-06-02 23:00:00,0.00002466,0.00002472,0.00002461,0.00002462,45886306450.00
2024-06-03 00:00:00,0.00002461,0.00002464,0.00002427,0.00002445,122200779082.00
2024-06-03 01:00:00,0.00002445,0.00002483,0.00002439,0.00002479,143953119162.00
2024-06-03 02:00:00,0.00002479,0.00002497,0.00002477,0.00002487,129952626677.00
2024-06-03 03:00:00,0.00002488,0.00002492,0.00002471,0.00002477,85564006762.00
2024-06-03 04:00:00,0.00002478,0.00002480,0.00002449,0.00002469,117020236519.00
2024-06-03 05:00:00,0.00002470,0.00002490,0.00002464,0.00002481,135872881601.00
2024-06-03 06:00:00,0.00002480,0.00002507,0.00002470,0.00002502,176174718842.00
2024-06-03 07:00:00,0.00002501,0.00002510,0.00002482,0.00002502,148489168366.00
2024-06-03 08:00:00,0.00002503,0.00002524,0.00002492,0.00002509,247498715770.00
2024-06-03 09:00:00,0.00002510,0.00002514,0.00002495,0.00002498,147923550669.00
2024-06-03 10:00:00,0.00002497,0.00002508,0.00002489,0.00002493,104091676461.00
2024-06-03 11:00:00,0.00002493,0.00002507,0.00002482,0.00002492,120628405108.00
2024-06-03 12:00:00,0.00002492,0.00002515,0.00002490,0.00002514,193644452372.00
2024-06-03 13:00:00,0.00002514,0.00002540,0.00002503,0.00002504,290873593060.00
2024-06-03 14:00:00,0.00002504,0.00002515,0.00002449,0.00002462,378277258353.00
2024-06-03 15:00:00,0.00002462,0.00002491,0.00002459,0.00002488,144801838063.00
2024-06-03 16:00:00,0.00002489,0.00002490,0.00002454,0.00002470,160155197376.00
2024-06-03 17:00:00,0.00002469,0.00002483,0.00002457,0.00002476,152823554154.00
2024-06-03 18:00:00,0.00002476,0.00002478,0.00002466,0.00002475,105411438031.00
2024-06-03 19:00:00,0.00002474,0.00002485,0.00002461,0.00002475,97363222574.00
2024-06-03 20:00:00,0.00002475,0.00002488,0.00002465,0.00002465,76208251170.00
2024-06-03 21:00:00,0.00002465,0.00002472,0.00002450,0.00002463,92472190914.00
2024-06-03 22:00:00,0.00002462,0.00002465,0.00002439,0.00002445,127183102920.00
2024-06-03 23:00:00,0.00002445,0.00002452,0.00002435,0.00002443,149509468147.00
2024-06-04 00:00:00,0.00002443,0.00002451,0.00002431,0.00002439,185730553175.00
2024-06-04 01:00:00,0.00002438,0.00002448,0.00002430,0.00002446,86224503089.00
2024-06-04 02:00:00,0.00002446,0.00002446,0.00002427,0.00002431,68613454517.00
2024-06-04 03:00:00,0.00002431,0.00002446,0.00002430,0.00002445,85122079557.00
2024-06-04 04:00:00,0.00002445,0.00002445,0.00002282,0.00002377,1412945780083.00
2024-06-04 05:00:00,0.00002378,0.00002403,0.00002369,0.00002386,246520271853.00
2024-06-04 06:00:00,0.00002386,0.00002393,0.00002371,0.00002384,147241328637.00
2024-06-04 07:00:00,0.00002383,0.00002394,0.00002378,0.00002386,154924506673.00
2024-06-04 08:00:00,0.00002386,0.00002393,0.00002375,0.00002379,118321628284.00
2024-06-04 09:00:00,0.00002379,0.00002385,0.00002356,0.00002367,145149277048.00
2024-06-04 10:00:00,0.00002368,0.00002390,0.00002365,0.00002389,118191749771.00
2024-06-04 11:00:00,0.00002389,0.00002394,0.00002380,0.00002384,111306917171.00
2024-06-04 12:00:00,0.00002384,0.00002391,0.00002374,0.00002383,109198698843.00
2024-06-04 13:00:00,0.00002383,0.00002418,0.00002381,0.00002402,177428525550.00
2024-06-04 14:00:00,0.00002402,0.00002419,0.00002400,0.00002408,175071291710.00
2024-06-04 15:00:00,0.00002408,0.00002434,0.00002400,0.00002433,171856962702.00
2024-06-04 16:00:00,0.00002433,0.00002459,0.00002430,0.00002449,415273893947.00
2024-06-04 17:00:00,0.00002449,0.00002460,0.00002432,0.00002455,175429900054.00
2024-06-04 18:00:00,0.00002454,0.00002467,0.00002448,0.00002454,167278937276.00
2024-06-04 19:00:00,0.00002454,0.00002455,0.00002425,0.00002438,168284952048.00
2024-06-04 20:00:00,0.00002437,0.00002444,0.00002426,0.00002438,96633824495.00
2024-06-04 21:00:00,0.00002438,0.00002443,0.00002428,0.00002439,88443332080.00
2024-06-04 22:00:00,0.00002439,0.00002465,0.00002433,0.00002458,139152569182.00
2024-06-04 23:00:00,0.00002457,0.00002465,0.00002451,0.00002461,110444947013.00
2024-06-05 00:00:00,0.00002460,0.00002481,0.00002450,0.00002463,187538137618.00
2024-06-05 01:00:00,0.00002464,0.00002515,0.00002453,0.00002514,262492010510.00
2024-06-05 02:00:00,0.00002514,0.00002532,0.00002489,0.00002532,420302774421.00
2024-06-05 03:00:00,0.00002532,0.00002559,0.00002521,0.00002539,463369616637.00
2024-06-05 04:00:00,0.00002538,0.00002595,0.00002538,0.00002586,677965161693.00
2024-06-05 05:00:00,0.00002586,0.00002588,0.00002542,0.00002581,458528159336.00
2024-06-05 06:00:00,0.00002581,0.00002585,0.00002559,0.00002579,249167381034.00
2024-06-05 07:00:00,0.00002578,0.00002620,0.00002561,0.00002616,672372936593.00
2024-06-05 08:00:00,0.00002617,0.00002629,0.00002603,0.00002626,623492688705.00
2024-06-05 09:00:00,0.00002626,0.00002633,0.00002579,0.00002579,501509457347.00
2024-06-05 10:00:00,0.00002580,0.00002593,0.00002560,0.00002587,284038807170.00
2024-06-05 11:00:00,0.00002588,0.00002593,0.00002570,0.00002575,123583743499.00
2024-06-05 12:00:00,0.00002576,0.00002582,0.00002552,0.00002566,236613833192.00
2024-06-05 13:00:00,0.00002566,0.00002604,0.00002561,0.00002578,466441771406.00
2024-06-05 14:00:00,0.00002578,0.00002578,0.00002542,0.00002563,290049615084.00
2024-06-05 15:00:00,0.00002563,0.00002614,0.00002561,0.00002602,340264015623.00
2024-06-05 16:00:00,0.00002602,0.00002616,0.00002566,0.00002576,319930296021.00
2024-06-05 17:00:00,0.00002576,0.00002602,0.00002573,0.00002596,178578868333.00
2024-06-05 18:00:00,0.00002596,0.00002625,0.00002579,0.00002591,216818179438.00
2024-06-05 19:00:00,0.00002590,0.00002595,0.00002576,0.00002591,138675519884.00
2024-06-05 20:00:00,0.00002591,0.00002604,0.00002585,0.00002590,112747120982.00
2024-06-05 21:00:00,0.00002590,0.00002597,0.00002580,0.00002588,103560597549.00
2024-06-05 22:00:00,0.00002588,0.00002588,0.00002566,0.00002567,90171319692.00
2024-06-05 23:00:00,0.00002568,0.00002595,0.00002568,0.00002594,102589173268.00
2024-06-06 00:00:00,0.00002593,0.00002598,0.00002567,0.00002570,113381058552.00
2024-06-06 01:00:00,0.00002569,0.00002596,0.00002568,0.00002582,104346809193.00
2024-06-06 02:00:00,0.00002582,0.00002615,0.00002577,0.00002605,148493515752.00
2024-06-06 03:00:00,0.00002604,0.00002622,0.00002585,0.00002589,182944367035.00
2024-06-06 04:00:00,0.00002589,0.00002591,0.00002572,0.00002582,152984953594.00
2024-06-06 05:00:00,0.00002582,0.00002584,0.00002558,0.00002564,123120518306.00
2024-06-06 06:00:00,0.00002564,0.00002574,0.00002556,0.00002560,172213641996.00
2024-06-06 07:00:00,0.00002559,0.00002566,0.00002551,0.00002564,106486142609.00
2024-06-06 08:00:00,0.00002565,0.00002567,0.00002546,0.00002556,112506745947.00
2024-06-06 09:00:00,0.00002557,0.00002570,0.00002556,0.00002568,125364717037.00
2024-06-06 10:00:00,0.00002569,0.00002570,0.00002556,0.00002564,77878529549.00
2024-06-06 11:00:00,0.00002565,0.00002580,0.00002559,0.00002579,113292913261.00
2024-06-06 12:00:00,0.00002579,0.00002595,0.00002567,0.00002578,194517243261.00
2024-06-06 13:00:00,0.00002578,0.00002586,0.00002552,0.00002566,279771813433.00
2024-06-06 14:00:00,0.00002566,0.00002575,0.00002556,0.00002566,222521007354.00
2024-06-06 15:00:00,0.00002567,0.00002581,0.00002561,0.00002563,140926998333.00
2024-06-06 16:00:00,0.00002563,0.00002569,0.00002533,0.00002541,218515367609.00
2024-06-06 17:00:00,0.00002541,0.00002553,0.00002528,0.00002552,119156714333.00
2024-06-06 18:00:00,0.00002552,0.00002555,0.00002537,0.00002547,72446187616.00
2024-06-06 19:00:00,0.00002546,0.00002547,0.00002510,0.00002519,187453935114.00
2024-06-06 20:00:00,0.00002519,0.00002544,0.00002494,0.00002543,181013736406.00
2024-06-06 21:00:00,0.00002542,0.00002542,0.00002526,0.00002531,68706633994.00
2024-06-06 22:00:00,0.00002531,0.00002533,0.00002522,0.00002533,54301267611.00
2024-06-06 23:00:00,0.00002534,0.00002538,0.00002521,0.00002524,58094677927.00
2024-06-07 00:00:00,0.00002523,0.00002531,0.00002516,0.00002522,57038644338.00
2024-06-07 01:00:00,0.00002522,0.00002522,0.00002505,0.00002512,91786330547.00
2024-06-07 02:00:00,0.00002512,0.00002519,0.00002495,0.00002504,68329988079.00
2024-06-07 03:00:00,0.00002504,0.00002515,0.00002500,0.00002513,50011183517.00
2024-06-07 04:00:00,0.00002512,0.00002531,0.00002511,0.00002530,71420402997.00
2024-06-07 05:00:00,0.00002529,0.00002549,0.00002529,0.00002538,94967580472.00
2024-06-07 06:00:00,0.00002538,0.00002542,0.00002526,0.00002533,66057661772.00
2024-06-07 07:00:00,0.00002533,0.00002534,0.00002524,0.00002527,47445378448.00
2024-06-07 08:00:00,0.00002527,0.00002533,0.00002524,0.00002528,73829214783.00
2024-06-07 09:00:00,0.00002528,0.00002528,0.00002513,0.00002519,70406297074.00
2024-06-07 10:00:00,0.00002519,0.00002527,0.00002506,0.00002516,82730783221.00
2024-06-07 11:00:00,0.00002516,0.00002540,0.00002507,0.00002536,105889572557.00
2024-06-07 12:00:00,0.00002536,0.00002545,0.00002469,0.00002502,669907059116.00
2024-06-07 13:00:00,0.00002503,0.00002514,0.00002490,0.00002508,231523939214.00
2024-06-07 14:00:00,0.00002508,0.00002526,0.00002499,0.00002525,121786429037.00
2024-06-07 15:00:00,0.00002525,0.00002528,0.00002499,0.00002503,142153083816.00
2024-06-07 16:00:00,0.00002503,0.00002507,0.00002474,0.00002481,148526089831.00
2024-06-07 17:00:00,0.00002480,0.00002481,0.00002419,0.00002420,298615134388.00
2024-06-07 18:00:00,0.00002420,0.00002427,0.00002145,0.00002327,2772617804974.00
2024-06-07 19:00:00,0.00002327,0.00002375,0.00002305,0.00002356,467827852028.00
2024-06-07 20:00:00,0.00002356,0.00002368,0.00002335,0.00002365,181235629715.00
2024-06-07 21:00:00,0.00002364,0.00002376,0.00002355,0.00002369,88329739760.00
2024-06-07 22:00:00,0.00002369,0.00002382,0.00002364,0.00002375,102272010442.00
2024-06-07 23:00:00,0.00002374,0.00002383,0.00002367,0.00002369,85744665624.00
2024-06-08 00:00:00,0.00002370,0.00002393,0.00002357,0.00002389,126555157048.00
2024-06-08 01:00:00,0.00002389,0.00002411,0.00002385,0.00002397,125380896371.00
2024-06-08 02:00:00,0.00002396,0.00002396,0.00002381,0.00002392,85400329315.00
2024-06-08 03:00:00,0.00002393,0.00002400,0.00002389,0.00002391,59712079791.00
2024-06-08 04:00:00,0.00002391,0.00002411,0.00002382,0.00002403,254921519699.00
2024-06-08 05:00:00,0.00002403,0.00002415,0.00002393,0.00002394,129774205145.00
2024-06-08 06:00:00,0.00002393,0.00002401,0.00002385,0.00002397,62106646022.00
2024-06-08 07:00:00,0.00002397,0.00002410,0.00002395,0.00002400,57868981374.00
2024-06-08 08:00:00,0.00002399,0.00002400,0.00002391,0.00002392,51418044681.00
2024-06-08 09:00:00,0.00002392,0.00002394,0.00002378,0.00002379,68481775959.00
2024-06-08 10:00:00,0.00002380,0.00002382,0.00002362,0.00002371,84339141253.00
2024-06-08 11:00:00,0.00002371,0.00002375,0.00002311,0.00002328,248966801670.00
2024-06-08 12:00:00,0.00002328,0.00002352,0.00002315,0.00002333,254237169471.00
2024-06-08 13:00:00,0.00002332,0.00002341,0.00002300,0.00002338,240953279615.00
2024-06-08 14:00:00,0.00002338,0.00002349,0.00002320,0.00002343,146815631812.00
2024-06-08 15:00:00,0.00002343,0.00002347,0.00002329,0.00002337,99401756033.00
2024-06-08 16:00:00,0.00002338,0.00002341,0.00002313,0.00002318,158539094403.00
2024-06-08 17:00:00,0.00002319,0.00002333,0.00002303,0.00002329,124642545021.00
2024-06-08 18:00:00,0.00002329,0.00002350,0.00002322,0.00002326,84953077334.00
2024-06-08 19:00:00,0.00002326,0.00002333,0.00002321,0.00002327,53496981612.00
2024-06-08 20:00:00,0.00002326,0.00002331,0.00002320,0.00002324,47783330220.00
2024-06-08 21:00:00,0.00002324,0.00002333,0.00002312,0.00002326,62182782013.00
2024-06-08 22:00:00,0.00002325,0.00002334,0.00002305,0.00002324,75427990298.00
2024-06-08 23:00:00,0.00002324,0.00002327,0.00002313,0.00002321,37046970559.00
2024-06-09 00:00:00,0.00002321,0.00002328,0.00002313,0.00002322,41835232676.00
2024-06-09 01:00:00,0.00002322,0.00002336,0.00002319,0.00002325,50513278676.00
2024-06-09 02:00:00,0.00002325,0.00002325,0.00002295,0.00002304,113782128241.00
2024-06-09 03:00:00,0.00002304,0.00002313,0.00002296,0.00002307,74457874566.00
2024-06-09 04:00:00,0.00002307,0.00002316,0.00002303,0.00002310,77097470697.00
2024-06-09 05:00:00,0.00002310,0.00002324,0.00002299,0.00002319,79800922331.00
2024-06-09 06:00:00,0.00002318,0.00002326,0.00002314,0.00002322,65860204444.00
2024-06-09 07:00:00,0.00002322,0.00002328,0.00002314,0.00002315,46568726379.00
2024-06-09 08:00:00,0.00002315,0.00002323,0.00002307,0.00002321,32726766083.00
2024-06-09 09:00:00,0.00002320,0.00002323,0.00002314,0.00002318,34947153546.00
2024-06-09 10:00:00,0.00002318,0.00002319,0.00002308,0.00002311,45382511677.00
2024-06-09 11:00:00,0.00002312,0.00002324,0.00002310,0.00002318,40384966912.00
2024-06-09 12:00:00,0.00002317,0.00002348,0.00002313,0.00002343,96633354771.00
2024-06-09 13:00:00,0.00002343,0.00002346,0.00002315,0.00002324,99770267692.00
2024-06-09 14:00:00,0.00002324,0.00002341,0.00002322,0.00002339,64592992178.00
2024-06-09 15:00:00,0.00002338,0.00002341,0.00002329,0.00002329,43810427139.00
2024-06-09 16:00:00,0.00002330,0.00002344,0.00002322,0.00002338,55965088044.00
2024-06-09 17:00:00,0.00002339,0.00002345,0.00002334,0.00002339,49525553076.00
2024-06-09 18:00:00,0.00002339,0.00002354,0.00002335,0.00002352,65287218827.00
2024-06-09 19:00:00,0.00002351,0.00002367,0.00002348,0.00002356,59851319200.00
2024-06-09 20:00:00,0.00002355,0.00002363,0.00002343,0.00002347,43166807009.00
2024-06-09 21:00:00,0.00002348,0.00002362,0.00002347,0.00002361,43458453389.00
2024-06-09 22:00:00,0.00002361,0.00002363,0.00002349,0.00002350,38104725741.00
2024-06-09 23:00:00,0.00002350,0.00002355,0.00002347,0.00002349,29710706782.00
2024-06-10 00:00:00,0.00002349,0.00002349,0.00002331,0.00002340,54538658508.00
2024-06-10 01:00:00,0.00002340,0.00002348,0.00002335,0.00002339,27255857707.00
2024-06-10 02:00:00,0.00002340,0.00002347,0.00002335,0.00002336,27552966148.00
2024-06-10 03:00:00,0.00002336,0.00002340,0.00002326,0.00002331,54584053435.00
2024-06-10 04:00:00,0.00002331,0.00002340,0.00002324,0.00002336,38110167577.00
2024-06-10 05:00:00,0.00002336,0.00002337,0.00002316,0.00002320,63595246411.00
2024-06-10 06:00:00,0.00002320,0.00002323,0.00002299,0.00002307,113113428782.00
2024-06-10 07:00:00,0.00002308,0.00002309,0.00002269,0.00002273,148334302043.00
2024-06-10 08:00:00,0.00002274,0.00002316,0.00002272,0.00002312,101843475306.00
2024-06-10 09:00:00,0.00002312,0.00002332,0.00002305,0.00002328,92634164044.00
2024-06-10 10:00:00,0.00002329,0.00002334,0.00002318,0.00002322,80129463549.00
2024-06-10 11:00:00,0.00002321,0.00002327,0.00002311,0.00002319,56609878299.00
2024-06-10 12:00:00,0.00002318,0.00002320,0.00002305,0.00002307,62531770249.00
2024-06-10 13:00:00,0.00002307,0.00002311,0.00002293,0.00002299,115018096185.00
2024-06-10 14:00:00,0.00002300,0.00002320,0.00002292,0.00002314,139894880764.00
2024-06-10 15:00:00,0.00002315,0.00002362,0.00002310,0.00002344,154689668871.00
2024-06-10 16:00:00,0.00002345,0.00002348,0.00002321,0.00002333,113413289333.00
2024-06-10 17:00:00,0.00002333,0.00002334,0.00002319,0.00002331,85783931922.00
2024-06-10 18:00:00,0.00002331,0.00002333,0.00002313,0.00002322,69520472474.00
2024-06-10 19:00:00,0.00002322,0.00002324,0.00002292,0.00002297,97816699277.00
2024-06-10 20:00:00,0.00002297,0.00002301,0.00002277,0.00002289,163255981981.00
2024-06-10 21:00:00,0.00002289,0.00002295,0.00002280,0.00002292,68841213568.00
2024-06-10 22:00:00,0.00002293,0.00002293,0.00002276,0.00002290,78975591284.00
2024-06-10 23:00:00,0.00002290,0.00002294,0.00002282,0.00002291,46394967524.00
2024-06-11 00:00:00,0.00002291,0.00002297,0.00002283,0.00002287,61784957257.00
2024-06-11 01:00:00,0.00002288,0.00002295,0.00002223,0.00002245,277704018771.00
2024-06-11 02:00:00,0.00002245,0.00002266,0.00002222,0.00002255,372588779967.00
2024-06-11 03:00:00,0.00002254,0.00002269,0.00002250,0.00002260,155986381587.00
2024-06-11 04:00:00,0.00002260,0.00002269,0.00002237,0.00002255,149627127573.00
2024-06-11 05:00:00,0.00002255,0.00002256,0.00002242,0.00002252,77538834000.00
2024-06-11 06:00:00,0.00002251,0.00002253,0.00002213,0.00002231,136272953177.00
2024-06-11 07:00:00,0.00002231,0.00002249,0.00002222,0.00002231,109048676197.00
2024-06-11 08:00:00,0.00002231,0.00002240,0.00002212,0.00002233,167348070824.00
2024-06-11 09:00:00,0.00002232,0.00002240,0.00002207,0.00002217,223415783823.00
2024-06-11 10:00:00,0.00002216,0.00002240,0.00002208,0.00002218,150970195259.00
2024-06-11 11:00:00,0.00002218,0.00002223,0.00002210,0.00002212,97554604599.00
2024-06-11 12:00:00,0.00002212,0.00002225,0.00002200,0.00002203,131301033664.00
2024-06-11 13:00:00,0.00002202,0.00002241,0.00002179,0.00002187,415869858875.00
2024-06-11 14:00:00,0.00002187,0.00002204,0.00002173,0.00002193,224234939784.00
2024-06-11 15:00:00,0.00002194,0.00002203,0.00002130,0.00002163,359760639280.00
2024-06-11 16:00:00,0.00002164,0.00002196,0.00002144,0.00002154,225224074365.00
2024-06-11 17:00:00,0.00002155,0.00002162,0.00002105,0.00002142,356677596854.00
2024-06-11 18:00:00,0.00002142,0.00002153,0.00002112,0.00002148,278752467208.00
2024-06-11 19:00:00,0.00002149,0.00002181,0.00002146,0.00002174,113316287960.00
2024-06-11 20:00:00,0.00002173,0.00002182,0.00002165,0.00002178,95138730074.00
2024-06-11 21:00:00,0.00002178,0.00002187,0.00002173,0.00002187,73147910629.00
2024-06-11 22:00:00,0.00002187,0.00002199,0.00002183,0.00002191,73388092068.00
2024-06-11 23:00:00,0.00002191,0.00002199,0.00002158,0.00002163,187557294897.00
